USE booking;


-- `cards`;

INSERT INTO `cards` (`id`, `card_type`, `card_number`, `owner_name`, `expires_at`, `created_at`, `updated_at`) VALUES (1, 'MasterCard', '5210123110085162', 'Webster Witting', '2001-04-16', '1977-09-08 15:47:33', '2009-07-10 13:13:01');
INSERT INTO `cards` (`id`, `card_type`, `card_number`, `owner_name`, `expires_at`, `created_at`, `updated_at`) VALUES (2, 'Visa', '5505987077045026', 'Joel Champlin', '2008-06-12', '1971-01-07 12:59:49', '2015-04-15 12:36:10');
INSERT INTO `cards` (`id`, `card_type`, `card_number`, `owner_name`, `expires_at`, `created_at`, `updated_at`) VALUES (3, 'Visa', '4539496979235309', 'Ms. Anabelle Smitham Sr.', '1994-02-18', '2017-01-22 16:39:32', '1996-11-17 13:01:24');
INSERT INTO `cards` (`id`, `card_type`, `card_number`, `owner_name`, `expires_at`, `created_at`, `updated_at`) VALUES (4, 'Visa', '5447679868452486', 'Angelita Davis', '2007-04-30', '2015-06-19 05:13:01', '1972-12-11 14:16:39');
INSERT INTO `cards` (`id`, `card_type`, `card_number`, `owner_name`, `expires_at`, `created_at`, `updated_at`) VALUES (5, 'Visa', '4539747965744', 'Dr. Orion Langworth I', '1978-08-11', '1986-08-05 03:36:23', '2003-01-17 02:44:11');
INSERT INTO `cards` (`id`, `card_type`, `card_number`, `owner_name`, `expires_at`, `created_at`, `updated_at`) VALUES (6, 'Visa', '5551769422975881', 'Lamont Altenwerth', '1990-02-06', '2014-05-29 22:44:13', '1997-07-11 05:04:36');
INSERT INTO `cards` (`id`, `card_type`, `card_number`, `owner_name`, `expires_at`, `created_at`, `updated_at`) VALUES (7, 'MasterCard', '4532592289515', 'Joanne Witting', '1982-04-02', '1981-03-22 22:34:14', '1994-06-16 13:39:57');
INSERT INTO `cards` (`id`, `card_type`, `card_number`, `owner_name`, `expires_at`, `created_at`, `updated_at`) VALUES (8, 'MasterCard', '4532788512090', 'Isabelle Ward', '1974-02-09', '2006-05-23 22:25:17', '2005-09-27 11:39:56');
INSERT INTO `cards` (`id`, `card_type`, `card_number`, `owner_name`, `expires_at`, `created_at`, `updated_at`) VALUES (9, 'Visa', '5522471778705079', 'Evalyn Murray', '1994-02-28', '1972-01-24 00:15:15', '2016-05-16 13:43:44');
INSERT INTO `cards` (`id`, `card_type`, `card_number`, `owner_name`, `expires_at`, `created_at`, `updated_at`) VALUES (10, 'Visa', '4539834526261', 'Scottie Corkery', '1994-02-09', '1988-04-01 05:38:41', '1988-07-25 20:53:18');
INSERT INTO `cards` (`id`, `card_type`, `card_number`, `owner_name`, `expires_at`, `created_at`, `updated_at`) VALUES (11, 'Visa', '5354926835374010', 'Pearline Ziemann', '2005-04-09', '2010-11-23 21:04:29', '2013-03-16 23:42:13');
INSERT INTO `cards` (`id`, `card_type`, `card_number`, `owner_name`, `expires_at`, `created_at`, `updated_at`) VALUES (12, 'Visa', '6011457423380228', 'Camylle Waters DVM', '2004-12-26', '2011-04-08 11:03:15', '2003-12-26 05:35:32');
INSERT INTO `cards` (`id`, `card_type`, `card_number`, `owner_name`, `expires_at`, `created_at`, `updated_at`) VALUES (13, 'Visa', '5171281437294569', 'Toy Mayer', '1994-04-23', '2013-06-30 17:33:40', '1974-03-11 16:47:24');
INSERT INTO `cards` (`id`, `card_type`, `card_number`, `owner_name`, `expires_at`, `created_at`, `updated_at`) VALUES (14, 'Visa', '5575078170517358', 'Mr. Royce Fadel', '2019-09-23', '2015-10-26 16:45:48', '1972-12-17 21:23:15');
INSERT INTO `cards` (`id`, `card_type`, `card_number`, `owner_name`, `expires_at`, `created_at`, `updated_at`) VALUES (15, 'Visa', '6011532830417502', 'Rebekah Cummerata', '1977-02-11', '1990-01-13 20:10:43', '1975-10-08 13:40:29');
INSERT INTO `cards` (`id`, `card_type`, `card_number`, `owner_name`, `expires_at`, `created_at`, `updated_at`) VALUES (16, 'MasterCard', '4916423316192', 'Kenna Legros', '1976-01-14', '2005-01-29 02:27:00', '1988-07-15 14:57:02');
INSERT INTO `cards` (`id`, `card_type`, `card_number`, `owner_name`, `expires_at`, `created_at`, `updated_at`) VALUES (17, 'Visa', '347858643022118', 'Eusebio Muller', '1994-04-12', '2019-01-28 17:20:55', '1987-03-21 15:02:32');
INSERT INTO `cards` (`id`, `card_type`, `card_number`, `owner_name`, `expires_at`, `created_at`, `updated_at`) VALUES (18, 'Visa', '5508345565852940', 'Bernadine Brakus', '2010-07-07', '2012-01-01 01:28:17', '1985-01-07 02:18:17');
INSERT INTO `cards` (`id`, `card_type`, `card_number`, `owner_name`, `expires_at`, `created_at`, `updated_at`) VALUES (19, 'MasterCard', '4616460101533680', 'Jamar Kuphal', '1986-08-21', '1998-05-01 16:00:15', '1982-09-02 08:49:24');
INSERT INTO `cards` (`id`, `card_type`, `card_number`, `owner_name`, `expires_at`, `created_at`, `updated_at`) VALUES (20, 'MasterCard', '5174457984785790', 'Consuelo Lynch DVM', '2012-11-12', '2008-02-12 03:04:55', '1998-09-04 21:54:56');
INSERT INTO `cards` (`id`, `card_type`, `card_number`, `owner_name`, `expires_at`, `created_at`, `updated_at`) VALUES (21, 'Visa', '4532889532619', 'Samir Brown', '1976-12-18', '1985-08-02 01:16:11', '1999-01-18 22:04:28');
INSERT INTO `cards` (`id`, `card_type`, `card_number`, `owner_name`, `expires_at`, `created_at`, `updated_at`) VALUES (22, 'Discover Card', '4024007155745493', 'Llewellyn Buckridge', '1972-02-26', '1991-02-08 06:12:21', '2001-12-01 17:25:43');
INSERT INTO `cards` (`id`, `card_type`, `card_number`, `owner_name`, `expires_at`, `created_at`, `updated_at`) VALUES (23, 'Discover Card', '5470117010161422', 'Garfield Cruickshank I', '1986-01-04', '2002-12-23 12:27:25', '1988-07-30 21:09:48');
INSERT INTO `cards` (`id`, `card_type`, `card_number`, `owner_name`, `expires_at`, `created_at`, `updated_at`) VALUES (24, 'MasterCard', '4485413518089', 'Marvin Hettinger', '2014-10-23', '1988-01-27 00:19:56', '2017-01-30 12:19:11');
INSERT INTO `cards` (`id`, `card_type`, `card_number`, `owner_name`, `expires_at`, `created_at`, `updated_at`) VALUES (25, 'MasterCard', '5336996931686351', 'Christine Kris', '1972-03-09', '1974-01-02 11:41:04', '2017-05-20 10:24:00');
INSERT INTO `cards` (`id`, `card_type`, `card_number`, `owner_name`, `expires_at`, `created_at`, `updated_at`) VALUES (26, 'Visa', '4485452575577', 'Peggie Franecki', '1997-03-29', '2010-10-29 04:41:41', '1986-11-12 21:34:39');
INSERT INTO `cards` (`id`, `card_type`, `card_number`, `owner_name`, `expires_at`, `created_at`, `updated_at`) VALUES (27, 'Visa', '5141724174413805', 'Denis Kuhic', '1974-02-05', '1997-02-09 11:53:18', '1987-08-03 20:47:08');
INSERT INTO `cards` (`id`, `card_type`, `card_number`, `owner_name`, `expires_at`, `created_at`, `updated_at`) VALUES (28, 'MasterCard', '4929476879079359', 'Jasmin Toy', '2003-01-11', '2006-07-23 21:45:56', '1979-05-24 18:25:28');
INSERT INTO `cards` (`id`, `card_type`, `card_number`, `owner_name`, `expires_at`, `created_at`, `updated_at`) VALUES (29, 'Visa', '345150491082904', 'Nigel Kuhn', '2005-07-31', '2019-02-25 00:22:03', '1991-07-19 23:04:31');
INSERT INTO `cards` (`id`, `card_type`, `card_number`, `owner_name`, `expires_at`, `created_at`, `updated_at`) VALUES (30, 'MasterCard', '374176505066588', 'Miss Helena Vandervort Sr.', '2017-06-21', '1998-10-02 23:21:21', '1992-02-29 12:20:54');
INSERT INTO `cards` (`id`, `card_type`, `card_number`, `owner_name`, `expires_at`, `created_at`, `updated_at`) VALUES (31, 'American Express', '6011660153448846', 'Jovanny Pacocha', '2012-10-05', '1995-05-08 20:17:25', '2015-12-30 07:15:30');
INSERT INTO `cards` (`id`, `card_type`, `card_number`, `owner_name`, `expires_at`, `created_at`, `updated_at`) VALUES (32, 'MasterCard', '5422315675935402', 'Gillian Gorczany', '2004-09-21', '2004-07-02 05:29:12', '1998-03-14 02:50:25');
INSERT INTO `cards` (`id`, `card_type`, `card_number`, `owner_name`, `expires_at`, `created_at`, `updated_at`) VALUES (33, 'Visa', '6011733603888723', 'Cordelia Ortiz', '1995-07-11', '1970-11-04 09:53:13', '1973-10-24 20:06:02');
INSERT INTO `cards` (`id`, `card_type`, `card_number`, `owner_name`, `expires_at`, `created_at`, `updated_at`) VALUES (34, 'Visa', '4916742105158248', 'Agnes Hane I', '2013-03-27', '1987-09-06 02:23:42', '2011-11-12 03:12:37');
INSERT INTO `cards` (`id`, `card_type`, `card_number`, `owner_name`, `expires_at`, `created_at`, `updated_at`) VALUES (35, 'Visa', '4916298295315831', 'Miss Sheila Kirlin', '2006-06-02', '2006-11-08 07:37:49', '1987-11-09 15:39:39');
INSERT INTO `cards` (`id`, `card_type`, `card_number`, `owner_name`, `expires_at`, `created_at`, `updated_at`) VALUES (36, 'MasterCard', '5286897828111543', 'Ms. Rebeka Jast DVM', '1997-01-13', '1996-10-23 20:00:05', '2010-06-07 17:35:20');
INSERT INTO `cards` (`id`, `card_type`, `card_number`, `owner_name`, `expires_at`, `created_at`, `updated_at`) VALUES (37, 'Visa', '6011340033013080', 'Dr. Kyla Veum IV', '1991-06-12', '2005-03-07 22:27:52', '1985-09-15 03:44:24');
INSERT INTO `cards` (`id`, `card_type`, `card_number`, `owner_name`, `expires_at`, `created_at`, `updated_at`) VALUES (38, 'Visa', '4485219205108', 'Alessandra Mayer', '1992-10-21', '1975-03-17 15:37:26', '2006-07-14 15:03:31');
INSERT INTO `cards` (`id`, `card_type`, `card_number`, `owner_name`, `expires_at`, `created_at`, `updated_at`) VALUES (39, 'Visa', '5274635465539751', 'Dr. Koby Price', '1986-07-11', '2007-03-04 02:45:00', '2015-04-03 14:14:52');
INSERT INTO `cards` (`id`, `card_type`, `card_number`, `owner_name`, `expires_at`, `created_at`, `updated_at`) VALUES (40, 'Visa', '4024007108422773', 'Leopold Jones', '1994-03-16', '2016-10-26 03:11:07', '1971-05-22 23:08:24');


-- `medias`;

INSERT INTO `medias` (`id`, `size`, `url`, `created_at`) VALUES (1, 74437079, 'http://www.lind.biz/', '2018-05-09 15:40:11');
INSERT INTO `medias` (`id`, `size`, `url`, `created_at`) VALUES (2, 225548, 'http://grimes.info/', '2012-03-16 02:45:10');
INSERT INTO `medias` (`id`, `size`, `url`, `created_at`) VALUES (3, 67, 'http://www.hagenes.com/', '2017-02-27 22:00:36');
INSERT INTO `medias` (`id`, `size`, `url`, `created_at`) VALUES (4, 5333788, 'http://www.harvey.com/', '2015-10-27 19:00:54');
INSERT INTO `medias` (`id`, `size`, `url`, `created_at`) VALUES (5, 556399, 'http://harvey.info/', '2015-10-19 14:12:59');
INSERT INTO `medias` (`id`, `size`, `url`, `created_at`) VALUES (6, 326615915, 'http://beckerharber.com/', '1975-10-28 22:16:07');
INSERT INTO `medias` (`id`, `size`, `url`, `created_at`) VALUES (7, 0, 'http://www.friesen.com/', '1977-08-20 18:25:36');
INSERT INTO `medias` (`id`, `size`, `url`, `created_at`) VALUES (8, 5, 'http://metz.net/', '1973-09-02 22:54:44');
INSERT INTO `medias` (`id`, `size`, `url`, `created_at`) VALUES (9, 2749, 'http://www.ratke.com/', '2014-09-16 00:06:33');
INSERT INTO `medias` (`id`, `size`, `url`, `created_at`) VALUES (10, 0, 'http://www.hudson.info/', '2004-07-07 18:51:47');
INSERT INTO `medias` (`id`, `size`, `url`, `created_at`) VALUES (11, 5044, 'http://www.strosin.net/', '2017-09-02 13:28:52');
INSERT INTO `medias` (`id`, `size`, `url`, `created_at`) VALUES (12, 1, 'http://www.borer.com/', '1973-08-19 19:58:13');
INSERT INTO `medias` (`id`, `size`, `url`, `created_at`) VALUES (13, 9, 'http://www.quigley.com/', '2001-06-25 06:24:34');
INSERT INTO `medias` (`id`, `size`, `url`, `created_at`) VALUES (14, 0, 'http://koepp.org/', '1984-02-26 11:15:38');
INSERT INTO `medias` (`id`, `size`, `url`, `created_at`) VALUES (15, 792817, 'http://yost.org/', '1989-05-13 15:00:15');
INSERT INTO `medias` (`id`, `size`, `url`, `created_at`) VALUES (16, 859838, 'http://kulas.biz/', '1999-01-21 05:23:03');
INSERT INTO `medias` (`id`, `size`, `url`, `created_at`) VALUES (17, 903, 'http://www.howe.com/', '1982-07-10 03:52:30');
INSERT INTO `medias` (`id`, `size`, `url`, `created_at`) VALUES (18, 1964, 'http://beahancronin.biz/', '1991-10-16 20:05:33');
INSERT INTO `medias` (`id`, `size`, `url`, `created_at`) VALUES (19, 51, 'http://www.oreillyward.com/', '1989-04-26 21:57:48');
INSERT INTO `medias` (`id`, `size`, `url`, `created_at`) VALUES (20, 8, 'http://www.leuschke.org/', '2012-08-27 07:41:00');
INSERT INTO `medias` (`id`, `size`, `url`, `created_at`) VALUES (21, 500054597, 'http://harberwalsh.com/', '2011-03-01 21:17:35');
INSERT INTO `medias` (`id`, `size`, `url`, `created_at`) VALUES (22, 54, 'http://cummings.com/', '2004-03-06 10:30:36');
INSERT INTO `medias` (`id`, `size`, `url`, `created_at`) VALUES (23, 6567677, 'http://reichert.com/', '1997-03-11 07:27:24');
INSERT INTO `medias` (`id`, `size`, `url`, `created_at`) VALUES (24, 49, 'http://www.hamillmurazik.biz/', '2017-12-04 17:07:54');
INSERT INTO `medias` (`id`, `size`, `url`, `created_at`) VALUES (25, 638, 'http://paucek.biz/', '1976-12-06 09:24:52');
INSERT INTO `medias` (`id`, `size`, `url`, `created_at`) VALUES (26, 426, 'http://strosin.com/', '1973-12-18 09:33:01');
INSERT INTO `medias` (`id`, `size`, `url`, `created_at`) VALUES (27, 3, 'http://www.feestschimmel.biz/', '1971-05-15 02:23:40');
INSERT INTO `medias` (`id`, `size`, `url`, `created_at`) VALUES (28, 8665343, 'http://www.hand.com/', '1996-03-05 21:32:35');
INSERT INTO `medias` (`id`, `size`, `url`, `created_at`) VALUES (29, 0, 'http://heidenreich.com/', '1980-05-14 15:18:00');
INSERT INTO `medias` (`id`, `size`, `url`, `created_at`) VALUES (30, 23137011, 'http://www.andersonrunolfsson.com/', '1995-05-14 20:02:35');
INSERT INTO `medias` (`id`, `size`, `url`, `created_at`) VALUES (31, 0, 'http://greenholt.com/', '2017-06-16 16:21:24');
INSERT INTO `medias` (`id`, `size`, `url`, `created_at`) VALUES (32, 202108, 'http://braun.com/', '1987-11-12 17:43:03');
INSERT INTO `medias` (`id`, `size`, `url`, `created_at`) VALUES (33, 52491, 'http://reichelullrich.com/', '2005-06-16 15:56:38');
INSERT INTO `medias` (`id`, `size`, `url`, `created_at`) VALUES (34, 307422044, 'http://www.glover.com/', '2017-07-08 07:11:45');
INSERT INTO `medias` (`id`, `size`, `url`, `created_at`) VALUES (35, 4118939, 'http://www.little.com/', '2012-06-02 21:05:39');
INSERT INTO `medias` (`id`, `size`, `url`, `created_at`) VALUES (36, 758, 'http://www.flatley.com/', '2004-01-05 11:29:11');
INSERT INTO `medias` (`id`, `size`, `url`, `created_at`) VALUES (37, 499, 'http://www.marksschroeder.biz/', '1973-04-18 21:44:26');
INSERT INTO `medias` (`id`, `size`, `url`, `created_at`) VALUES (38, 987180422, 'http://browndonnelly.com/', '1998-12-20 16:36:20');
INSERT INTO `medias` (`id`, `size`, `url`, `created_at`) VALUES (39, 42, 'http://beckerheller.org/', '1989-10-13 14:51:31');
INSERT INTO `medias` (`id`, `size`, `url`, `created_at`) VALUES (40, 0, 'http://www.wizacollins.com/', '1974-06-22 04:41:42');
INSERT INTO `medias` (`id`, `size`, `url`, `created_at`) VALUES (41, 1804, 'http://www.turcotteherman.com/', '1996-02-04 08:54:46');
INSERT INTO `medias` (`id`, `size`, `url`, `created_at`) VALUES (42, 897310530, 'http://www.reichel.biz/', '1985-05-20 16:24:25');
INSERT INTO `medias` (`id`, `size`, `url`, `created_at`) VALUES (43, 0, 'http://www.ullrich.com/', '1982-10-09 17:27:52');
INSERT INTO `medias` (`id`, `size`, `url`, `created_at`) VALUES (44, 7, 'http://www.stammkuvalis.com/', '1986-02-22 01:42:25');
INSERT INTO `medias` (`id`, `size`, `url`, `created_at`) VALUES (45, 7, 'http://www.klocko.info/', '2010-05-10 02:52:02');
INSERT INTO `medias` (`id`, `size`, `url`, `created_at`) VALUES (46, 976, 'http://www.medhurst.com/', '2015-03-31 00:44:41');
INSERT INTO `medias` (`id`, `size`, `url`, `created_at`) VALUES (47, 0, 'http://hodkiewicz.net/', '1978-05-04 14:58:50');
INSERT INTO `medias` (`id`, `size`, `url`, `created_at`) VALUES (48, 1, 'http://www.shieldsabshire.com/', '1986-09-05 04:58:57');
INSERT INTO `medias` (`id`, `size`, `url`, `created_at`) VALUES (49, 17599034, 'http://www.terry.com/', '1975-11-15 01:59:57');
INSERT INTO `medias` (`id`, `size`, `url`, `created_at`) VALUES (50, 29444, 'http://littel.info/', '1984-04-06 16:24:48');
INSERT INTO `medias` (`id`, `size`, `url`, `created_at`) VALUES (51, 0, 'http://www.borerwilderman.com/', '1994-01-24 18:48:32');
INSERT INTO `medias` (`id`, `size`, `url`, `created_at`) VALUES (52, 795496546, 'http://www.mcglynnborer.com/', '1997-10-23 10:04:33');
INSERT INTO `medias` (`id`, `size`, `url`, `created_at`) VALUES (53, 1348, 'http://grant.org/', '1977-07-26 10:16:39');
INSERT INTO `medias` (`id`, `size`, `url`, `created_at`) VALUES (54, 6758049, 'http://www.treutel.org/', '2017-01-16 05:48:07');
INSERT INTO `medias` (`id`, `size`, `url`, `created_at`) VALUES (55, 0, 'http://wolf.net/', '2000-10-22 09:20:11');
INSERT INTO `medias` (`id`, `size`, `url`, `created_at`) VALUES (56, 66, 'http://www.herzog.com/', '1998-08-29 09:04:43');
INSERT INTO `medias` (`id`, `size`, `url`, `created_at`) VALUES (57, 0, 'http://www.gislason.com/', '1991-06-26 14:48:06');
INSERT INTO `medias` (`id`, `size`, `url`, `created_at`) VALUES (58, 772148, 'http://www.bailey.net/', '1993-03-27 23:05:20');
INSERT INTO `medias` (`id`, `size`, `url`, `created_at`) VALUES (59, 8933, 'http://www.kilback.net/', '2005-01-25 12:42:28');
INSERT INTO `medias` (`id`, `size`, `url`, `created_at`) VALUES (60, 714419, 'http://www.leuschke.com/', '1990-01-24 06:14:21');
INSERT INTO `medias` (`id`, `size`, `url`, `created_at`) VALUES (61, 5381, 'http://spencer.com/', '2002-01-07 03:49:47');
INSERT INTO `medias` (`id`, `size`, `url`, `created_at`) VALUES (62, 737738559, 'http://www.cummings.com/', '2005-02-12 22:55:11');
INSERT INTO `medias` (`id`, `size`, `url`, `created_at`) VALUES (63, 59, 'http://hamill.com/', '1976-11-18 19:26:33');
INSERT INTO `medias` (`id`, `size`, `url`, `created_at`) VALUES (64, 3565, 'http://www.wehner.com/', '2003-08-05 19:45:02');
INSERT INTO `medias` (`id`, `size`, `url`, `created_at`) VALUES (65, 79078, 'http://monahan.com/', '2001-12-01 11:28:10');
INSERT INTO `medias` (`id`, `size`, `url`, `created_at`) VALUES (66, 84175447, 'http://www.kochnolan.com/', '1989-11-04 15:31:43');
INSERT INTO `medias` (`id`, `size`, `url`, `created_at`) VALUES (67, 99, 'http://schumm.com/', '2011-07-25 01:20:36');
INSERT INTO `medias` (`id`, `size`, `url`, `created_at`) VALUES (68, 18, 'http://www.smith.biz/', '1987-01-28 19:04:38');
INSERT INTO `medias` (`id`, `size`, `url`, `created_at`) VALUES (69, 7, 'http://www.fadelchristiansen.com/', '2003-08-19 20:34:59');
INSERT INTO `medias` (`id`, `size`, `url`, `created_at`) VALUES (70, 79720, 'http://www.conroy.info/', '2003-09-02 18:56:41');
INSERT INTO `medias` (`id`, `size`, `url`, `created_at`) VALUES (71, 27138, 'http://www.grantkuhn.biz/', '2007-01-25 06:26:57');
INSERT INTO `medias` (`id`, `size`, `url`, `created_at`) VALUES (72, 3, 'http://reillywehner.com/', '2019-10-10 21:03:51');
INSERT INTO `medias` (`id`, `size`, `url`, `created_at`) VALUES (73, 6355, 'http://www.pacocha.com/', '1979-07-21 19:37:26');
INSERT INTO `medias` (`id`, `size`, `url`, `created_at`) VALUES (74, 2214, 'http://www.blanda.net/', '1997-10-06 01:15:05');
INSERT INTO `medias` (`id`, `size`, `url`, `created_at`) VALUES (75, 94664548, 'http://www.cartershields.com/', '1974-03-29 20:34:24');
INSERT INTO `medias` (`id`, `size`, `url`, `created_at`) VALUES (76, 60, 'http://bernhardkeeling.biz/', '1976-08-11 19:42:15');
INSERT INTO `medias` (`id`, `size`, `url`, `created_at`) VALUES (77, 4, 'http://jacobi.net/', '2011-12-22 18:08:49');
INSERT INTO `medias` (`id`, `size`, `url`, `created_at`) VALUES (78, 0, 'http://walsh.com/', '1997-02-04 23:48:35');
INSERT INTO `medias` (`id`, `size`, `url`, `created_at`) VALUES (79, 74398209, 'http://monahan.net/', '1974-03-30 06:03:16');
INSERT INTO `medias` (`id`, `size`, `url`, `created_at`) VALUES (80, 5, 'http://kerlukeziemann.com/', '2015-06-02 17:56:31');
INSERT INTO `medias` (`id`, `size`, `url`, `created_at`) VALUES (81, 711032532, 'http://oberbrunner.biz/', '1988-11-15 10:00:48');
INSERT INTO `medias` (`id`, `size`, `url`, `created_at`) VALUES (82, 6506384, 'http://www.kshlerinemmerich.com/', '2007-11-03 21:23:34');
INSERT INTO `medias` (`id`, `size`, `url`, `created_at`) VALUES (83, 3508, 'http://greenholt.org/', '1981-09-17 19:15:03');
INSERT INTO `medias` (`id`, `size`, `url`, `created_at`) VALUES (84, 30891, 'http://ernser.com/', '2017-05-24 19:09:20');
INSERT INTO `medias` (`id`, `size`, `url`, `created_at`) VALUES (85, 1986765, 'http://www.becker.info/', '1971-02-19 02:21:54');
INSERT INTO `medias` (`id`, `size`, `url`, `created_at`) VALUES (86, 799374, 'http://runtesmith.info/', '1997-12-02 02:25:26');
INSERT INTO `medias` (`id`, `size`, `url`, `created_at`) VALUES (87, 0, 'http://www.rolfson.net/', '1976-10-06 03:11:49');
INSERT INTO `medias` (`id`, `size`, `url`, `created_at`) VALUES (88, 5911377, 'http://brekkewaelchi.com/', '1994-12-24 07:07:53');
INSERT INTO `medias` (`id`, `size`, `url`, `created_at`) VALUES (89, 9, 'http://www.deckowhowell.com/', '2018-05-01 00:21:01');
INSERT INTO `medias` (`id`, `size`, `url`, `created_at`) VALUES (90, 989862, 'http://koepp.com/', '2005-11-14 06:39:06');
INSERT INTO `medias` (`id`, `size`, `url`, `created_at`) VALUES (91, 964, 'http://www.wardcollins.com/', '2003-01-17 16:57:17');
INSERT INTO `medias` (`id`, `size`, `url`, `created_at`) VALUES (92, 97137, 'http://www.gutkowski.com/', '2006-06-19 00:33:40');
INSERT INTO `medias` (`id`, `size`, `url`, `created_at`) VALUES (93, 59, 'http://www.larson.com/', '2004-11-20 17:02:58');
INSERT INTO `medias` (`id`, `size`, `url`, `created_at`) VALUES (94, 4, 'http://www.olson.org/', '1987-07-15 09:55:28');
INSERT INTO `medias` (`id`, `size`, `url`, `created_at`) VALUES (95, 748846410, 'http://www.corkerytromp.org/', '1998-09-17 14:14:28');
INSERT INTO `medias` (`id`, `size`, `url`, `created_at`) VALUES (96, 447494683, 'http://zulauf.net/', '1970-04-04 16:29:38');
INSERT INTO `medias` (`id`, `size`, `url`, `created_at`) VALUES (97, 8231242, 'http://www.stamm.org/', '1998-02-02 18:31:41');
INSERT INTO `medias` (`id`, `size`, `url`, `created_at`) VALUES (98, 518196, 'http://shields.biz/', '1992-02-14 01:12:58');
INSERT INTO `medias` (`id`, `size`, `url`, `created_at`) VALUES (99, 660, 'http://mills.biz/', '2018-10-02 01:09:16');
INSERT INTO `medias` (`id`, `size`, `url`, `created_at`) VALUES (100, 5946, 'http://www.dickensrenner.org/', '1986-05-10 05:49:40');

-- `users`;

INSERT INTO `users` (`id`, `email`, `display_name`, `picture_id`, `birthday`, `country`, `title`, `first_name`, `last_name`, `phone_number`, `is_owner`, `is_traveller`, `genius_level`, `created_at`, `updated_at`) VALUES (1, 'jrobel@example.org', 'Prof. Pauline Kulas', 1, '2016-10-03', 'French Polynesia', 'Mrx.', 'Jimmy', 'Franecki', '136-447-0526x2614', 1, 1, 0, '2019-05-31 19:34:14', '2019-08-14 20:20:33');
INSERT INTO `users` (`id`, `email`, `display_name`, `picture_id`, `birthday`, `country`, `title`, `first_name`, `last_name`, `phone_number`, `is_owner`, `is_traveller`, `genius_level`, `created_at`, `updated_at`) VALUES (2, 'dcormier@example.com', 'Dahlia Brakus', 2, '1995-12-20', 'Slovakia (Slovak Republic)', 'Mrs.', 'Katharina', 'Fay', '1-519-165-5474x292', 1, 1, 0, '1979-05-29 22:51:54', '1980-12-30 00:35:23');
INSERT INTO `users` (`id`, `email`, `display_name`, `picture_id`, `birthday`, `country`, `title`, `first_name`, `last_name`, `phone_number`, `is_owner`, `is_traveller`, `genius_level`, `created_at`, `updated_at`) VALUES (3, 'kathlyn95@example.org', 'Clare Waters', 3, '1984-06-28', 'Papua New Guinea', 'Mr.', 'Jermey', 'Shanahan', '355-876-1781', 1, 0, 0, '1971-10-25 17:43:30', '1971-08-08 16:12:02');
INSERT INTO `users` (`id`, `email`, `display_name`, `picture_id`, `birthday`, `country`, `title`, `first_name`, `last_name`, `phone_number`, `is_owner`, `is_traveller`, `genius_level`, `created_at`, `updated_at`) VALUES (4, 'liliana.graham@example.net', 'Margaretta Marvin', 4, '1998-04-07', 'Fiji', 'Mr.', 'Finn', 'Cronin', '069.949.1493x944', 0, 1, 0, '2002-03-26 00:52:00', '1994-10-24 21:35:49');
INSERT INTO `users` (`id`, `email`, `display_name`, `picture_id`, `birthday`, `country`, `title`, `first_name`, `last_name`, `phone_number`, `is_owner`, `is_traveller`, `genius_level`, `created_at`, `updated_at`) VALUES (5, 'giovanny.kuvalis@example.com', 'Tyrique Cartwright', 5, '1991-09-16', 'Saint Pierre and Miquelon', 'Mrx.', 'Adrian', 'Mitchell', '857-697-8928x6055', 0, 1, 0, '1975-02-02 19:17:19', '1998-05-20 20:36:59');
INSERT INTO `users` (`id`, `email`, `display_name`, `picture_id`, `birthday`, `country`, `title`, `first_name`, `last_name`, `phone_number`, `is_owner`, `is_traveller`, `genius_level`, `created_at`, `updated_at`) VALUES (6, 'imueller@example.com', 'Prof. Jerrod Barrows II', 6, '1977-01-18', 'Sierra Leone', 'Mrs.', 'Graham', 'McClure', '(564)530-3179', 0, 1, 0, '1980-09-18 01:36:37', '1999-07-06 22:27:09');
INSERT INTO `users` (`id`, `email`, `display_name`, `picture_id`, `birthday`, `country`, `title`, `first_name`, `last_name`, `phone_number`, `is_owner`, `is_traveller`, `genius_level`, `created_at`, `updated_at`) VALUES (7, 'alfonso.fisher@example.com', 'Forest Bogan', 7, '1972-10-06', 'Guinea-Bissau', 'Mrx.', 'Tremaine', 'Hahn', '1-497-450-1028', 0, 0, 0, '2010-12-12 19:09:57', '1982-02-26 14:41:10');
INSERT INTO `users` (`id`, `email`, `display_name`, `picture_id`, `birthday`, `country`, `title`, `first_name`, `last_name`, `phone_number`, `is_owner`, `is_traveller`, `genius_level`, `created_at`, `updated_at`) VALUES (8, 'westley.west@example.org', 'Emilio Watsica', 8, '1978-09-04', 'Myanmar', 'Mr.', 'Velva', 'Swaniawski', '+20(5)0383265140', 0, 1, 0, '1997-10-07 11:49:33', '1983-06-04 11:21:26');
INSERT INTO `users` (`id`, `email`, `display_name`, `picture_id`, `birthday`, `country`, `title`, `first_name`, `last_name`, `phone_number`, `is_owner`, `is_traveller`, `genius_level`, `created_at`, `updated_at`) VALUES (9, 'amalia.gulgowski@example.net', 'Sigurd Monahan', 9, '1994-02-09', 'Nicaragua', 'Mr.', 'Maya', 'Boyle', '(426)338-4269x211', 0, 1, 0, '1970-07-06 11:27:29', '1980-11-10 19:19:40');
INSERT INTO `users` (`id`, `email`, `display_name`, `picture_id`, `birthday`, `country`, `title`, `first_name`, `last_name`, `phone_number`, `is_owner`, `is_traveller`, `genius_level`, `created_at`, `updated_at`) VALUES (10, 'perry.wintheiser@example.org', 'Chaz Walker', 10, '2002-08-10', 'Montserrat', 'Mrs.', 'Myrtice', 'Marks', '1-422-611-0200', 0, 1, 0, '2015-04-13 04:37:05', '2012-01-09 07:17:36');
INSERT INTO `users` (`id`, `email`, `display_name`, `picture_id`, `birthday`, `country`, `title`, `first_name`, `last_name`, `phone_number`, `is_owner`, `is_traveller`, `genius_level`, `created_at`, `updated_at`) VALUES (11, 'rosetta75@example.net', 'Darrin Sawayn', 11, '2012-01-27', 'Croatia', 'Mrx.', 'Henry', 'Fritsch', '321.712.1312', 1, 1, 0, '2012-12-20 19:15:49', '1996-12-27 17:39:20');
INSERT INTO `users` (`id`, `email`, `display_name`, `picture_id`, `birthday`, `country`, `title`, `first_name`, `last_name`, `phone_number`, `is_owner`, `is_traveller`, `genius_level`, `created_at`, `updated_at`) VALUES (12, 'kaela11@example.com', 'Cortney Hoppe', 12, '2005-04-19', 'Cuba', 'Mr.', 'Walton', 'Jacobi', '(941)521-5919', 0, 0, 0, '2003-04-24 12:05:09', '1977-06-11 15:58:19');
INSERT INTO `users` (`id`, `email`, `display_name`, `picture_id`, `birthday`, `country`, `title`, `first_name`, `last_name`, `phone_number`, `is_owner`, `is_traveller`, `genius_level`, `created_at`, `updated_at`) VALUES (13, 'dicki.george@example.com', 'Noemie Harvey', 13, '1976-02-22', 'Mexico', 'Mr.', 'Danny', 'O\'Kon', '558-835-7715', 0, 1, 0, '1970-11-20 01:58:43', '2014-09-18 14:19:14');
INSERT INTO `users` (`id`, `email`, `display_name`, `picture_id`, `birthday`, `country`, `title`, `first_name`, `last_name`, `phone_number`, `is_owner`, `is_traveller`, `genius_level`, `created_at`, `updated_at`) VALUES (14, 'homenick.jules@example.net', 'Ms. Zula Altenwerth', 14, '2008-07-09', 'Costa Rica', 'Mrx.', 'Preston', 'Purdy', '532-976-5059x81702', 1, 0, 0, '1988-06-08 03:39:04', '2001-05-13 15:39:31');
INSERT INTO `users` (`id`, `email`, `display_name`, `picture_id`, `birthday`, `country`, `title`, `first_name`, `last_name`, `phone_number`, `is_owner`, `is_traveller`, `genius_level`, `created_at`, `updated_at`) VALUES (15, 'qcassin@example.net', 'Alford Crist MD', 15, '2020-04-23', 'Algeria', 'Mrs.', 'Rosina', 'Conn', '965-065-0191', 1, 0, 0, '1976-03-17 06:14:27', '1996-05-15 02:53:42');
INSERT INTO `users` (`id`, `email`, `display_name`, `picture_id`, `birthday`, `country`, `title`, `first_name`, `last_name`, `phone_number`, `is_owner`, `is_traveller`, `genius_level`, `created_at`, `updated_at`) VALUES (16, 'trace.hermiston@example.net', 'Adaline Sporer', 16, '2018-07-01', 'United Arab Emirates', 'Mr.', 'Olaf', 'Hettinger', '015-090-3390', 0, 0, 0, '1982-10-13 22:37:50', '1996-10-17 00:23:59');
INSERT INTO `users` (`id`, `email`, `display_name`, `picture_id`, `birthday`, `country`, `title`, `first_name`, `last_name`, `phone_number`, `is_owner`, `is_traveller`, `genius_level`, `created_at`, `updated_at`) VALUES (17, 'brent.connelly@example.net', 'Kamren McKenzie Sr.', 17, '1993-12-21', 'Gambia', 'Mrx.', 'Celia', 'Prohaska', '018.859.0174', 0, 0, 0, '2013-04-25 21:48:02', '2017-06-18 15:03:36');
INSERT INTO `users` (`id`, `email`, `display_name`, `picture_id`, `birthday`, `country`, `title`, `first_name`, `last_name`, `phone_number`, `is_owner`, `is_traveller`, `genius_level`, `created_at`, `updated_at`) VALUES (18, 'jkunze@example.org', 'Chyna Deckow', 18, '1989-06-11', 'Syrian Arab Republic', 'Mrx.', 'Blanche', 'Deckow', '(758)933-4976x525', 1, 1, 0, '2002-05-07 10:46:49', '1975-07-04 15:49:06');
INSERT INTO `users` (`id`, `email`, `display_name`, `picture_id`, `birthday`, `country`, `title`, `first_name`, `last_name`, `phone_number`, `is_owner`, `is_traveller`, `genius_level`, `created_at`, `updated_at`) VALUES (19, 'svonrueden@example.org', 'Dr. Candelario Rowe', 19, '1983-06-23', 'Lebanon', 'Mrs.', 'Jettie', 'Gleason', '1-990-725-7122', 0, 0, 0, '2015-09-20 23:15:41', '1992-09-22 11:47:06');
INSERT INTO `users` (`id`, `email`, `display_name`, `picture_id`, `birthday`, `country`, `title`, `first_name`, `last_name`, `phone_number`, `is_owner`, `is_traveller`, `genius_level`, `created_at`, `updated_at`) VALUES (20, 'marty51@example.net', 'Geovanni Kozey', 20, '1990-09-06', 'Cocos (Keeling) Islands', 'Mrs.', 'Gertrude', 'Carroll', '345.919.4148x352', 0, 1, 0, '1977-04-05 09:58:41', '2012-12-15 10:16:45');


-- `estates`;

INSERT INTO `estates` (`id`, `owner_id`, `city`, `address`, `country`, `comment`, `created_at`, `updated_at`) VALUES (1, 1, 'Danielborough', '41907 Marisol Isle\nSouth Felicity, NY 51469', 'Poland', 'Consectetur est asperiores vel vero. Itaque ea ullam qui labore quo aut aut. Veniam aspernatur ratione neque molestiae expedita tempora. Et dolorem magnam quia occaecati accusantium.', '2016-11-14 14:41:58', '2015-07-07 03:49:36');
INSERT INTO `estates` (`id`, `owner_id`, `city`, `address`, `country`, `comment`, `created_at`, `updated_at`) VALUES (2, 2, 'Philipton', '852 Connelly Harbor Apt. 353\nWest Yazmin, NV 56011-0213', 'Poland', 'Perspiciatis error facilis eos aliquid et cumque nihil. Sint quasi maiores sint enim ut. Culpa accusantium vitae et architecto. Quisquam qui quam ullam.', '1970-07-07 22:21:58', '2002-05-10 02:03:54');
INSERT INTO `estates` (`id`, `owner_id`, `city`, `address`, `country`, `comment`, `created_at`, `updated_at`) VALUES (3, 3, 'Lake Kenyatta', '636 Manuel Corner\nWest Nickolas, WA 17481', 'Denmark', 'Error ipsa quae dicta commodi saepe eveniet dolorem incidunt. Nesciunt repudiandae consequuntur molestias. Corrupti quia quibusdam cupiditate sit eius.', '1978-08-10 11:44:16', '1994-01-19 07:03:26');
INSERT INTO `estates` (`id`, `owner_id`, `city`, `address`, `country`, `comment`, `created_at`, `updated_at`) VALUES (4, 4, 'VonRuedenmouth', '738 Coty Views Suite 499\nWest Lafayette, AR 37353-5734', 'Eritrea', '', '1972-08-14 20:36:21', '1974-03-07 09:01:09');
INSERT INTO `estates` (`id`, `owner_id`, `city`, `address`, `country`, `comment`, `created_at`, `updated_at`) VALUES (5, 5, 'South Ineschester', '6745 Amya Passage Suite 004\nNikolausside, IN 56532-1365', 'Saint Barthelemy', 'Autem asperiores consequatur dignissimos. Cum accusamus ab sit quo error dolorem dicta. Nisi quaerat atque iste ut. Suscipit sed consequatur commodi quidem sit aut est.', '1982-05-22 06:46:21', '1975-10-25 05:29:00');
INSERT INTO `estates` (`id`, `owner_id`, `city`, `address`, `country`, `comment`, `created_at`, `updated_at`) VALUES (6, 6, 'South Leopoldchester', '745 Damien Gateway\nSmithfort, MI 95568', 'Nigeria', '', '1988-11-23 08:21:36', '2002-06-25 15:01:11');
INSERT INTO `estates` (`id`, `owner_id`, `city`, `address`, `country`, `comment`, `created_at`, `updated_at`) VALUES (7, 7, 'Port Domenico', '04312 Roma Dale\nHuelsstad, CA 28376-9591', 'Falkland Islands (Malvinas)', 'Alias voluptatem quia laboriosam qui sequi deserunt quas. Optio cumque aut pariatur omnis. Tempore natus et voluptatem.', '2010-01-15 12:06:39', '1986-06-06 00:11:18');
INSERT INTO `estates` (`id`, `owner_id`, `city`, `address`, `country`, `comment`, `created_at`, `updated_at`) VALUES (8, 8, 'Hilllfort', '542 Donnelly Squares\nAdellaburgh, NJ 57979', 'Belize', '', '2008-04-19 03:10:43', '2020-06-09 17:21:54');
INSERT INTO `estates` (`id`, `owner_id`, `city`, `address`, `country`, `comment`, `created_at`, `updated_at`) VALUES (9, 9, 'South Anastasia', '207 Wiegand Creek Suite 135\nReynoldsview, OH 07776', 'Switzerland', '', '1981-12-13 19:14:12', '2014-01-18 01:05:52');
INSERT INTO `estates` (`id`, `owner_id`, `city`, `address`, `country`, `comment`, `created_at`, `updated_at`) VALUES (10, 10, 'East Carolinaberg', '11245 Jast Freeway\nMaceyshire, UT 36513', 'Gabon', '', '1979-12-10 02:08:57', '1980-05-27 00:59:43');


-- `feedbacks`;

INSERT INTO `feedbacks` (`id`, `client_id`, `estate_id`, `comment`, `cleanliness`, `hospitality`, `availability`, `location`, `created_at`, `updated_at`) VALUES (1, 1, 1, 'If she should meet the real Mary Ann, and be turned out of THIS!\' (Sounds of more energetic remedies--\' \'Speak English!\' said the King triumphantly, pointing to the Cheshire Cat, she was exactly the.', 1, 3, 7, 2, '1985-04-16 20:52:34', '2008-11-14 21:35:14');
INSERT INTO `feedbacks` (`id`, `client_id`, `estate_id`, `comment`, `cleanliness`, `hospitality`, `availability`, `location`, `created_at`, `updated_at`) VALUES (2, 2, 2, 'Alice more boldly: \'you know you\'re growing too.\' \'Yes, but I THINK I can say.\' This was not a moment to be true): If she should meet the real Mary Ann, and be turned out of his great wig.\' The.', 2, 6, 9, 9, '1986-05-21 06:03:45', '2010-05-17 19:26:51');
INSERT INTO `feedbacks` (`id`, `client_id`, `estate_id`, `comment`, `cleanliness`, `hospitality`, `availability`, `location`, `created_at`, `updated_at`) VALUES (3, 3, 3, 'Mock Turtle interrupted, \'if you only walk long enough.\' Alice felt that she was quite surprised to see it trot away quietly into the court, without even waiting to put it into his cup of tea, and.', 8, 2, 8, 1, '1976-12-08 08:05:56', '1988-11-06 08:02:49');
INSERT INTO `feedbacks` (`id`, `client_id`, `estate_id`, `comment`, `cleanliness`, `hospitality`, `availability`, `location`, `created_at`, `updated_at`) VALUES (4, 4, 4, 'I can\'t see you?\' She was looking about for some while in silence. At last the Dodo had paused as if he were trying which word sounded best. Some of the trial.\' \'Stupid things!\' Alice began telling.', 2, 7, 9, 7, '1985-05-15 10:45:21', '2014-06-10 13:19:51');
INSERT INTO `feedbacks` (`id`, `client_id`, `estate_id`, `comment`, `cleanliness`, `hospitality`, `availability`, `location`, `created_at`, `updated_at`) VALUES (5, 5, 5, 'Which way?\', holding her hand on the second verse of the jurymen. \'No, they\'re not,\' said the King, \'or I\'ll have you executed on the same tone, exactly as if his heart would break. She pitied him.', 8, 9, 2, 6, '1972-11-10 12:54:52', '1984-02-09 19:56:50');
INSERT INTO `feedbacks` (`id`, `client_id`, `estate_id`, `comment`, `cleanliness`, `hospitality`, `availability`, `location`, `created_at`, `updated_at`) VALUES (6, 6, 6, 'Mouse, frowning, but very glad to find quite a crowd of little cartwheels, and the pair of boots every Christmas.\' And she squeezed herself up and to her that she had someone to listen to me! I\'LL.', 4, 9, 5, 6, '1999-02-14 11:53:33', '1973-04-25 20:33:22');
INSERT INTO `feedbacks` (`id`, `client_id`, `estate_id`, `comment`, `cleanliness`, `hospitality`, `availability`, `location`, `created_at`, `updated_at`) VALUES (7, 7, 7, 'ME,\' said the March Hare, who had spoken first. \'That\'s none of YOUR adventures.\' \'I could tell you my adventures--beginning from this side of WHAT? The other side of the Queen said severely \'Who is.', 6, 5, 4, 3, '2004-12-23 16:18:10', '2019-12-21 07:53:20');
INSERT INTO `feedbacks` (`id`, `client_id`, `estate_id`, `comment`, `cleanliness`, `hospitality`, `availability`, `location`, `created_at`, `updated_at`) VALUES (8, 8, 8, 'I almost wish I had not noticed before, and she did not seem to see you any more!\' And here Alice began to repeat it, when a cry of \'The trial\'s beginning!\' was heard in the sand with wooden spades,.', 1, 6, 3, 6, '2000-09-26 17:58:24', '1997-08-03 21:29:32');
INSERT INTO `feedbacks` (`id`, `client_id`, `estate_id`, `comment`, `cleanliness`, `hospitality`, `availability`, `location`, `created_at`, `updated_at`) VALUES (9, 9, 9, 'Majesty!\' the soldiers remaining behind to execute the unfortunate gardeners, who ran to Alice again. \'No, I give you fair warning,\' shouted the Queen. An invitation from the sky! Ugh, Serpent!\'.', 8, 7, 1, 8, '1994-01-12 06:09:52', '1987-11-01 20:31:52');
INSERT INTO `feedbacks` (`id`, `client_id`, `estate_id`, `comment`, `cleanliness`, `hospitality`, `availability`, `location`, `created_at`, `updated_at`) VALUES (10, 10, 10, 'Between yourself and me.\' \'That\'s the first to break the silence. \'What day of the e--e--evening, Beautiful, beautiful Soup! Beau--ootiful Soo--oop! Beau--ootiful Soo--oop! Soo--oop of the evening,.', 7, 3, 2, 9, '2004-08-22 02:09:41', '1985-06-17 07:32:10');
INSERT INTO `feedbacks` (`id`, `client_id`, `estate_id`, `comment`, `cleanliness`, `hospitality`, `availability`, `location`, `created_at`, `updated_at`) VALUES (11, 11, 1, 'I said \"What for?\"\' \'She boxed the Queen\'s shrill cries to the jury, and the moon, and memory, and muchness--you know you say things are \"much of a bottle. They all returned from him to you, Though.', 2, 2, 3, 1, '1978-06-08 22:20:10', '1983-10-22 06:56:42');
INSERT INTO `feedbacks` (`id`, `client_id`, `estate_id`, `comment`, `cleanliness`, `hospitality`, `availability`, `location`, `created_at`, `updated_at`) VALUES (12, 12, 2, 'Alice\'s shoulder, and it sat down and cried. \'Come, there\'s no use in crying like that!\' \'I couldn\'t afford to learn it.\' said the Gryphon, half to herself, and shouted out, \'You\'d better not talk!\'.', 5, 5, 5, 1, '1989-09-16 21:58:28', '1998-05-01 14:32:59');
INSERT INTO `feedbacks` (`id`, `client_id`, `estate_id`, `comment`, `cleanliness`, `hospitality`, `availability`, `location`, `created_at`, `updated_at`) VALUES (13, 13, 3, 'Alice, and she could not make out exactly what they WILL do next! If they had at the stick, and tumbled head over heels in its sleep \'Twinkle, twinkle, twinkle, twinkle--\' and went stamping about,.', 9, 1, 2, 3, '1976-02-03 11:54:12', '1988-02-01 01:53:57');
INSERT INTO `feedbacks` (`id`, `client_id`, `estate_id`, `comment`, `cleanliness`, `hospitality`, `availability`, `location`, `created_at`, `updated_at`) VALUES (14, 14, 4, 'Dodo solemnly presented the thimble, saying \'We beg your pardon!\' cried Alice (she was obliged to say but \'It belongs to the jury, who instantly made a memorandum of the window, I only knew the.', 7, 1, 6, 2, '1995-01-04 13:19:13', '1976-04-03 05:17:55');
INSERT INTO `feedbacks` (`id`, `client_id`, `estate_id`, `comment`, `cleanliness`, `hospitality`, `availability`, `location`, `created_at`, `updated_at`) VALUES (15, 15, 5, 'The Hatter looked at each other for some time after the birds! Why, she\'ll eat a bat?\' when suddenly, thump! thump! down she came rather late, and the Queen\'s absence, and were resting in the sea..', 9, 2, 3, 9, '1981-02-21 20:39:45', '2002-06-11 10:11:03');
INSERT INTO `feedbacks` (`id`, `client_id`, `estate_id`, `comment`, `cleanliness`, `hospitality`, `availability`, `location`, `created_at`, `updated_at`) VALUES (16, 16, 6, 'Alice, \'because I\'m not particular as to the croquet-ground. The other side of the house!\' (Which was very glad to do with you. Mind now!\' The poor little thing sobbed again (or grunted, it was.', 6, 4, 1, 5, '2006-04-10 14:40:34', '2006-11-08 03:44:32');
INSERT INTO `feedbacks` (`id`, `client_id`, `estate_id`, `comment`, `cleanliness`, `hospitality`, `availability`, `location`, `created_at`, `updated_at`) VALUES (17, 17, 7, 'Lizard, Bill, was in the house, \"Let us both go to law: I will prosecute YOU.--Come, I\'ll take no denial; We must have been changed for any of them. \'I\'m sure those are not attending!\' said the.', 5, 3, 8, 6, '2004-06-24 02:02:39', '1980-07-10 04:19:07');
INSERT INTO `feedbacks` (`id`, `client_id`, `estate_id`, `comment`, `cleanliness`, `hospitality`, `availability`, `location`, `created_at`, `updated_at`) VALUES (18, 18, 8, 'She soon got it out to be sure; but I can\'t see you?\' She was looking up into the court, by the time they were all turning into little cakes as they were nice grand words to say.) Presently she.', 3, 4, 7, 2, '1995-08-13 20:33:37', '2015-06-12 00:02:02');
INSERT INTO `feedbacks` (`id`, `client_id`, `estate_id`, `comment`, `cleanliness`, `hospitality`, `availability`, `location`, `created_at`, `updated_at`) VALUES (19, 19, 9, 'Pigeon; \'but I know I do!\' said Alice indignantly. \'Ah! then yours wasn\'t a really good school,\' said the Caterpillar. Alice said very humbly; \'I won\'t interrupt again. I dare say you never tasted.', 4, 9, 6, 9, '1982-01-31 12:44:04', '2018-02-21 17:45:15');
INSERT INTO `feedbacks` (`id`, `client_id`, `estate_id`, `comment`, `cleanliness`, `hospitality`, `availability`, `location`, `created_at`, `updated_at`) VALUES (20, 20, 10, 'Gryphon. \'I mean, what makes them so often, you know.\' He was an old woman--but then--always to have the experiment tried. \'Very true,\' said the Lory, who at last it sat for a minute, while Alice.', 2, 4, 2, 4, '2008-10-27 00:12:19', '2002-11-13 10:46:00');


-- `feedbacks_estates`;

INSERT INTO `feedbacks_estates` (`estate_id`, `media_id`) VALUES (1, 1);
INSERT INTO `feedbacks_estates` (`estate_id`, `media_id`) VALUES (2, 2);
INSERT INTO `feedbacks_estates` (`estate_id`, `media_id`) VALUES (3, 3);
INSERT INTO `feedbacks_estates` (`estate_id`, `media_id`) VALUES (4, 4);
INSERT INTO `feedbacks_estates` (`estate_id`, `media_id`) VALUES (5, 5);
INSERT INTO `feedbacks_estates` (`estate_id`, `media_id`) VALUES (6, 6);
INSERT INTO `feedbacks_estates` (`estate_id`, `media_id`) VALUES (7, 7);
INSERT INTO `feedbacks_estates` (`estate_id`, `media_id`) VALUES (8, 8);
INSERT INTO `feedbacks_estates` (`estate_id`, `media_id`) VALUES (9, 9);
INSERT INTO `feedbacks_estates` (`estate_id`, `media_id`) VALUES (10, 10);
INSERT INTO `feedbacks_estates` (`estate_id`, `media_id`) VALUES (1, 11);
INSERT INTO `feedbacks_estates` (`estate_id`, `media_id`) VALUES (2, 12);
INSERT INTO `feedbacks_estates` (`estate_id`, `media_id`) VALUES (3, 13);
INSERT INTO `feedbacks_estates` (`estate_id`, `media_id`) VALUES (4, 14);
INSERT INTO `feedbacks_estates` (`estate_id`, `media_id`) VALUES (5, 15);
INSERT INTO `feedbacks_estates` (`estate_id`, `media_id`) VALUES (6, 16);
INSERT INTO `feedbacks_estates` (`estate_id`, `media_id`) VALUES (7, 17);
INSERT INTO `feedbacks_estates` (`estate_id`, `media_id`) VALUES (8, 18);
INSERT INTO `feedbacks_estates` (`estate_id`, `media_id`) VALUES (9, 19);
INSERT INTO `feedbacks_estates` (`estate_id`, `media_id`) VALUES (10, 20);


-- `feedbacks_medias`;

INSERT INTO `feedbacks_medias` (`feedback_id`, `media_id`) VALUES (1, 1);
INSERT INTO `feedbacks_medias` (`feedback_id`, `media_id`) VALUES (2, 2);
INSERT INTO `feedbacks_medias` (`feedback_id`, `media_id`) VALUES (3, 3);
INSERT INTO `feedbacks_medias` (`feedback_id`, `media_id`) VALUES (4, 4);
INSERT INTO `feedbacks_medias` (`feedback_id`, `media_id`) VALUES (5, 5);
INSERT INTO `feedbacks_medias` (`feedback_id`, `media_id`) VALUES (6, 6);
INSERT INTO `feedbacks_medias` (`feedback_id`, `media_id`) VALUES (7, 7);
INSERT INTO `feedbacks_medias` (`feedback_id`, `media_id`) VALUES (8, 8);
INSERT INTO `feedbacks_medias` (`feedback_id`, `media_id`) VALUES (9, 9);
INSERT INTO `feedbacks_medias` (`feedback_id`, `media_id`) VALUES (10, 10);
INSERT INTO `feedbacks_medias` (`feedback_id`, `media_id`) VALUES (11, 11);
INSERT INTO `feedbacks_medias` (`feedback_id`, `media_id`) VALUES (12, 12);
INSERT INTO `feedbacks_medias` (`feedback_id`, `media_id`) VALUES (13, 13);
INSERT INTO `feedbacks_medias` (`feedback_id`, `media_id`) VALUES (14, 14);
INSERT INTO `feedbacks_medias` (`feedback_id`, `media_id`) VALUES (15, 15);
INSERT INTO `feedbacks_medias` (`feedback_id`, `media_id`) VALUES (16, 16);
INSERT INTO `feedbacks_medias` (`feedback_id`, `media_id`) VALUES (17, 17);
INSERT INTO `feedbacks_medias` (`feedback_id`, `media_id`) VALUES (18, 18);
INSERT INTO `feedbacks_medias` (`feedback_id`, `media_id`) VALUES (19, 19);
INSERT INTO `feedbacks_medias` (`feedback_id`, `media_id`) VALUES (20, 20);


-- `reservation_statuses`;

INSERT INTO `reservation_statuses` (`id`, `name`, `created_at`, `updated_at`) VALUES (1, 'pending_owner_confirmation', '2003-12-08 21:01:32', '1987-07-29 02:07:12');
INSERT INTO `reservation_statuses` (`id`, `name`, `created_at`, `updated_at`) VALUES (2, 'confirmed', '1977-03-15 11:10:51', '2011-02-27 21:51:05');
INSERT INTO `reservation_statuses` (`id`, `name`, `created_at`, `updated_at`) VALUES (3, 'active', '1978-06-03 09:34:21', '1988-06-29 17:40:35');
INSERT INTO `reservation_statuses` (`id`, `name`, `created_at`, `updated_at`) VALUES (4, 'cancelled', '2005-06-24 18:30:52', '2001-04-13 21:05:36');
INSERT INTO `reservation_statuses` (`id`, `name`, `created_at`, `updated_at`) VALUES (5, 'fulfilled', '1970-03-15 15:29:20', '1978-09-08 09:27:26');


-- `reservations`;

INSERT INTO `reservations` (`id`, `status_id`, `estate_id`, `client_id`, `start_at`, `end_at`, `price`, `currency_code`, `is_paid`, `created_at`, `updated_at`) VALUES (1, 1, 1, 1, '2014-07-03', '2016-04-16', 7, 0, 0, '2003-01-28 10:08:07', '1978-10-08 02:09:43');
INSERT INTO `reservations` (`id`, `status_id`, `estate_id`, `client_id`, `start_at`, `end_at`, `price`, `currency_code`, `is_paid`, `created_at`, `updated_at`) VALUES (2, 2, 2, 2, '2011-11-06', '1971-09-03', 3, 0, 0, '1985-06-29 12:19:52', '1988-02-20 02:46:05');
INSERT INTO `reservations` (`id`, `status_id`, `estate_id`, `client_id`, `start_at`, `end_at`, `price`, `currency_code`, `is_paid`, `created_at`, `updated_at`) VALUES (3, 3, 3, 3, '2017-11-29', '2015-08-13', 2, 0, 0, '1987-02-26 19:35:04', '2016-04-02 00:50:20');
INSERT INTO `reservations` (`id`, `status_id`, `estate_id`, `client_id`, `start_at`, `end_at`, `price`, `currency_code`, `is_paid`, `created_at`, `updated_at`) VALUES (4, 4, 4, 4, '1990-04-14', '2016-09-29', 8, 0, 0, '2006-06-07 06:50:33', '1994-10-21 10:06:57');
INSERT INTO `reservations` (`id`, `status_id`, `estate_id`, `client_id`, `start_at`, `end_at`, `price`, `currency_code`, `is_paid`, `created_at`, `updated_at`) VALUES (5, 5, 5, 5, '2007-06-23', '1995-06-15', 5, 0, 1, '2000-09-23 16:43:24', '1975-04-30 19:59:20');
INSERT INTO `reservations` (`id`, `status_id`, `estate_id`, `client_id`, `start_at`, `end_at`, `price`, `currency_code`, `is_paid`, `created_at`, `updated_at`) VALUES (6, 1, 6, 6, '2016-08-13', '1997-05-09', 3, 0, 0, '1986-10-14 05:23:08', '1981-01-27 07:38:15');
INSERT INTO `reservations` (`id`, `status_id`, `estate_id`, `client_id`, `start_at`, `end_at`, `price`, `currency_code`, `is_paid`, `created_at`, `updated_at`) VALUES (7, 2, 7, 7, '1977-02-02', '2015-01-31', 8, 0, 0, '1993-09-27 16:11:02', '2001-03-03 09:13:29');
INSERT INTO `reservations` (`id`, `status_id`, `estate_id`, `client_id`, `start_at`, `end_at`, `price`, `currency_code`, `is_paid`, `created_at`, `updated_at`) VALUES (8, 3, 8, 8, '2019-08-17', '1973-11-21', 3, 0, 1, '2016-06-23 05:20:09', '2002-10-18 08:33:42');
INSERT INTO `reservations` (`id`, `status_id`, `estate_id`, `client_id`, `start_at`, `end_at`, `price`, `currency_code`, `is_paid`, `created_at`, `updated_at`) VALUES (9, 4, 9, 9, '1971-01-24', '2010-10-05', 2, 0, 0, '2013-12-11 05:08:03', '1985-07-03 22:52:04');
INSERT INTO `reservations` (`id`, `status_id`, `estate_id`, `client_id`, `start_at`, `end_at`, `price`, `currency_code`, `is_paid`, `created_at`, `updated_at`) VALUES (10, 5, 10, 10, '1975-07-23', '1980-02-25', 7, 0, 1, '1976-09-12 15:37:41', '1992-04-23 22:38:09');
INSERT INTO `reservations` (`id`, `status_id`, `estate_id`, `client_id`, `start_at`, `end_at`, `price`, `currency_code`, `is_paid`, `created_at`, `updated_at`) VALUES (11, 1, 1, 11, '1974-12-26', '1984-09-25', 4, 0, 0, '1987-10-16 13:36:07', '1990-10-12 23:05:06');
INSERT INTO `reservations` (`id`, `status_id`, `estate_id`, `client_id`, `start_at`, `end_at`, `price`, `currency_code`, `is_paid`, `created_at`, `updated_at`) VALUES (12, 2, 2, 12, '1981-04-16', '1972-07-03', 6, 0, 0, '1990-09-03 19:42:43', '1984-01-29 14:03:52');
INSERT INTO `reservations` (`id`, `status_id`, `estate_id`, `client_id`, `start_at`, `end_at`, `price`, `currency_code`, `is_paid`, `created_at`, `updated_at`) VALUES (13, 3, 3, 13, '1976-07-25', '2013-10-27', 7, 0, 0, '1976-10-29 08:07:57', '2002-11-11 15:13:13');
INSERT INTO `reservations` (`id`, `status_id`, `estate_id`, `client_id`, `start_at`, `end_at`, `price`, `currency_code`, `is_paid`, `created_at`, `updated_at`) VALUES (14, 4, 4, 14, '1975-10-04', '2008-03-21', 9, 0, 1, '1971-12-18 21:29:22', '1993-06-08 16:08:28');
INSERT INTO `reservations` (`id`, `status_id`, `estate_id`, `client_id`, `start_at`, `end_at`, `price`, `currency_code`, `is_paid`, `created_at`, `updated_at`) VALUES (15, 5, 5, 15, '2014-06-09', '1975-06-12', 7, 0, 0, '2014-09-23 13:31:49', '2000-04-01 08:51:24');
INSERT INTO `reservations` (`id`, `status_id`, `estate_id`, `client_id`, `start_at`, `end_at`, `price`, `currency_code`, `is_paid`, `created_at`, `updated_at`) VALUES (16, 1, 6, 16, '1995-04-28', '1987-08-10', 8, 0, 1, '1972-06-19 22:42:45', '2008-07-13 08:34:56');
INSERT INTO `reservations` (`id`, `status_id`, `estate_id`, `client_id`, `start_at`, `end_at`, `price`, `currency_code`, `is_paid`, `created_at`, `updated_at`) VALUES (17, 2, 7, 17, '1987-03-12', '2005-07-28', 1, 0, 0, '1991-09-30 21:32:40', '1997-07-17 16:11:34');
INSERT INTO `reservations` (`id`, `status_id`, `estate_id`, `client_id`, `start_at`, `end_at`, `price`, `currency_code`, `is_paid`, `created_at`, `updated_at`) VALUES (18, 3, 8, 18, '2015-04-19', '1999-04-26', 3, 0, 1, '1984-12-26 05:56:34', '1985-09-02 21:56:34');
INSERT INTO `reservations` (`id`, `status_id`, `estate_id`, `client_id`, `start_at`, `end_at`, `price`, `currency_code`, `is_paid`, `created_at`, `updated_at`) VALUES (19, 4, 9, 19, '2020-02-21', '1990-02-20', 9, 0, 1, '2000-06-26 01:01:00', '1980-09-27 10:29:32');
INSERT INTO `reservations` (`id`, `status_id`, `estate_id`, `client_id`, `start_at`, `end_at`, `price`, `currency_code`, `is_paid`, `created_at`, `updated_at`) VALUES (20, 5, 10, 20, '1997-05-13', '1990-10-07', 7, 0, 0, '2011-12-03 20:25:07', '1998-05-03 04:42:28');


-- `users_cards`;

INSERT INTO `users_cards` (`user_id`, `card_id`) VALUES (1, 1);
INSERT INTO `users_cards` (`user_id`, `card_id`) VALUES (2, 2);
INSERT INTO `users_cards` (`user_id`, `card_id`) VALUES (3, 3);
INSERT INTO `users_cards` (`user_id`, `card_id`) VALUES (4, 4);
INSERT INTO `users_cards` (`user_id`, `card_id`) VALUES (5, 5);
INSERT INTO `users_cards` (`user_id`, `card_id`) VALUES (6, 6);
INSERT INTO `users_cards` (`user_id`, `card_id`) VALUES (7, 7);
INSERT INTO `users_cards` (`user_id`, `card_id`) VALUES (8, 8);
INSERT INTO `users_cards` (`user_id`, `card_id`) VALUES (9, 9);
INSERT INTO `users_cards` (`user_id`, `card_id`) VALUES (10, 10);
INSERT INTO `users_cards` (`user_id`, `card_id`) VALUES (11, 11);
INSERT INTO `users_cards` (`user_id`, `card_id`) VALUES (12, 12);
INSERT INTO `users_cards` (`user_id`, `card_id`) VALUES (13, 13);
INSERT INTO `users_cards` (`user_id`, `card_id`) VALUES (14, 14);
INSERT INTO `users_cards` (`user_id`, `card_id`) VALUES (15, 15);
INSERT INTO `users_cards` (`user_id`, `card_id`) VALUES (16, 16);
INSERT INTO `users_cards` (`user_id`, `card_id`) VALUES (17, 17);
INSERT INTO `users_cards` (`user_id`, `card_id`) VALUES (18, 18);
INSERT INTO `users_cards` (`user_id`, `card_id`) VALUES (19, 19);
INSERT INTO `users_cards` (`user_id`, `card_id`) VALUES (20, 20);